2Tang	wisnu.adji@2tang.co.id
Tokocrypto	hello@tokocrypto.com
Yuzu	laidy@megapro.org
The Goods Dept	marketing@thegoodsdept.com
Kalbe Nutrional	rosaline.aryaputri@kalbenutritionals.com
Vans Indonesia	vans.indo@navya.co.id
Avrist Assurance	yoseph-a.triwibowo@avrist.com
Unilever	(udh pindah kerja ke BUMN)
Intercontinental Jakarta	: reservation.icjakarta@ihg.com
KFC	0812-1000-5050 (SMS) atau info@kfcindonesia.com
PT. Mitra Adi Perkasa	a.dissa@hotmail.com
Heinz ABC Indonesia	abcdapuribu@gmail.com
Acer V	acer.indonesia@acer.com
Acer	acerpeduli@acer.com
PT Keva Cosmetics Internasional	acesa@esqacosmetics.com
Sour Sally Group	adhitakawal@soursally.co.id
Sour Sally Group	adhitawakal@soursally.co.id
PT. NET Mediatama Televisi	adi.mangun@netmedia.co.id
Tokopedia	adi.suryanto@tokopedia.com
PT. Sasa Inti	adlin.noor@sasa.co.id
Esprecielo Allure	admarketing.esprecielo@gmail.com
Danone Indonesia	admin.HRgroupe@danone.com
Binar Academy	admin@alamandashantika.com
PT Geotekindo	admin@geotekindo.com
PT The Mega Wallet	admmegaratuwalet@gmail.com
Tango (OT) V	adrien@ot.co.id
The Jakarta Post v	advertising@thejakartapost.com
Ninnette	agathaangelyn@yahoo.co.id
Allianz	agung.nugroho@allianz.co.id
Shopee	agung.susilo@shopee.com - sitisara@shopee.com city.sara@shopee.com - siti.sarah@shopee.com
PT. Bank MNC Internasional, Tbk.	ahmad.mawardi@mncgroup.com / ahmad.mawardi@mnc-corporation.com / ahmad.mawardi@mncbank.co.id
Pocari Sweat	aio.co.id/id/contact-us ;
Wakuliner	aji.nagara@wakuliner.com
Akhmad Zaenuddin & Partners	akhmad.zaenuddin@azlaw.ro
Tehmag Food	albert@tehmag.com.tw
PT Alfa Lautan Biru v	alfakimia1@gmail.com
LinkAja	alia_soedarjo@linkaja.id
PT. KCIC (Kereta Cepat Indonesia China)	allan.tandiono@gmail.com
Sociolla	alvita.silvia@sociolla.com
Auto 2000 Toyota Honda V	alvyfauziah41@gmail.com
PT.Lesso Technology Indonesia Trading	amanyeo88@gmail.com
Grab	ambadar.chaedar@grab.com
KALBE Nutritionals	amelia.sari@kalbenutritionals.com
China Development Bank	anantawijayanti@hotmail.com
Mayora Indah	anastasia.hanny@mayora.co.id 
Jiwa Group	anastasiadelicia@jiwagroup.com
OVO	andi.arif@ovo.id
Tanam Duit	andi@tanamduit.com
Faber-Castell Indonesia	andri.kurniawan@faber-castell.co.id
MNC Sekuritas	andri.muharizal@mncgroup.com
XL	anggapras@xl.co.id
Rukita	anggita@rukita.co
Bank BTPN	anika.faisal@btpn.com
Nivea	anindyahassanti.tamin@beiersdorf.com
PT Kuaikuai Tech Indonesia	anna.andries@gmail.com
PT Lingoace Academy Indonesia Group	anna@pplingo.com
Danone	anne.tupan@danone.com
Emina	annisa.rprawiro@pti-cosmetics.com
Kedai Sayur	annisayustia@kedaisayur.com
PT Kao Indonesia	Anton@kao.co.id
PT Amerta Indah Otsuka	aoryza@aio.co.id
Redoxon	apa.kabar@bayer.com
Mustika Ratu	ar@mustika-ratu.co.id
Johnson & Johnson	arahma13@its.jnj.com
Johnson & Johnson	arahma13@its.jnj.com
Skill Up	ardhitobenedict@gmail.com
PT. Tirta Investama (Danone-AQUA)	aridanto@live.com
Telkom	arif.bro@gmail.com
Shopee	arzanda.laditrinanda@shopee.com
Flip	astari@flip.id
PT Astra International Tbk	Astuti.Utami@isuzu.astra.co.id
Lotte	Atika.lestari@lotte.co.id
PT Kao Indonesia	aurelia@kao.co.id
Maybank Indonesia	aurellia.setiabudi@maybank-ke.co.id
Aqua	azka.karim@danone.com
Sosro	bambang.kustanto@sosro.com
Nu Green Tea	bayu.vana@gmail.com
Zalora Indonesia	bd@id.zalora.com
Zalora	bd@zalora.co.id
Finku	bdpartnership@finku.id
Happy Fresh	beatrix.immanuel@happyfresh.com
Bank CIMB Niaga	bella.cleodora@cimbniaga.co.id
Krispy Kreme Doughnut Indonesia	benedicta.gisela@map.co.id
PT. Bank HSBC Indonesia	berrycdewantoro@hsbc.co.id
My Republic	bimo.harry@myrepublic.net
Cicil	bimo.setiawan@cicil.co.id
Bank Mandiri	bintang.cesario@bankmandiri.co.id
Bank Jasa Jakarta	bjj@bjj.co.id
Blibli	bliblicom.official@gmail.com
BNI	bnicall@ bni.co.id
Bank BTN	bogie.ariyanto@btn.co.id
PT. Bank Tabungan Negara (Persero) Tbk	bogie.ariyanto@btn.co.id
DANA	boy.manurung@dana.id
SOGO	boy.nugroho@sogo.co.id
Brands essence	brandscs@cerebos.co.id
Branz BSD	branz-bsd@tokyu-land.co.id
Loreal	BriennaAlfa.DIAR@loreal.com
PT Puyo Indonesia Kreasi	brigitta.geovanny@puyodessert.com
PT Puyo Indonesia Kreasi (Puyo Dessert)	brigitta.geovanny@puyodessert.com
Puyo	brigitta.geovanny@puyodessert.com
Coca Cola	BUDI.DW.RAHARDJO@ccamatil.com
Bli Bli budi.tjahjono@gdn-commerce.com - heru.nasrudin@gdn-commerce.com - hendro.prabowo@gdn-commerce.com
Reka Cosmetics	business@rekacosmetics.com
Bank Rakyat Indonesia	callbri@bri.co.id
Erigo	callingcollege@erigostore.co.id
Stockbit	calvin@stockbit.com
SHAREit	calvinkantono@gmail.com
Bank Sinarmas	care@banksinarmas.com
PT Asuransi Jiwa Sequis Life	care@sequislife.com
The Body Shop	care@thebodyshop.co.id
Zap	caremanager@zap.co.id
Floridina	catharine@your0associate.com
PT Daikin Airconditioning Indonesia	Catherine.surya@daikin.co.id
Panasonic	ccc@id.panasonic.com
Angkasa pura	center@angkasapura2.co.id
Maybank	chandra@maybank.com
Cheetos	cheetos.indonesia@gmail.com
KULO Group	cherokee.wicaksono@kulogroup.com
PT Industri Jamu dan Farmasi Sido Muncul Tbk	chinta.islamiarni@sidomuncul.co.id
Le Minerale	christi.yonatan@mayora.co.id
Le Minerale V	christi.yonatun@mayora.co.id
Transon Group	christina.indra@gmail.com
Standard Chartered	christopher.aritonang@sc.com
Yuzu	christophorus.m.r@sumbercipta.com
Heinz ABC Indonesia	christy.felicia@id.hjheinz.com
Chuga	chuga.koreanbbq@gmail.com
Harita Group	chynthia.isvara@hjferonikel.com
Goban Cosmetics	chyntia.angel@gobancosmetics.com
Haus Indonesia	cindyalvionita@haus.co.id
Cove	citra@cove.id dan indri@cove.id
Shopee	clairine.ivana@shopee.com
Bank Artha Graha	co_secretary@ag.co.id
Coffee Meets Stocks	coffeemeetstocks@gmail.com
Ceres	cokelatceres@gmail.com
PT Pharma Health Care	combicarecenter@combiphar.com
Wahana Visi Indonesia	comms_indonesia@wvi.or.id
PT Indonesia Weda Bay Industrial Park	communications@iwip.co.id
Ichitan	conny.hozana@ichitan.co.id
PT. Mayora	consumer@mayora.co.id
PT Mayora Tbk	consumer@mayora.co.id / Frida.Surjawinata@mayora.co.id
Loreal	consumeradvisory@loreal.com
Loreal Indonesia	consumeradvisory@loreal.com
QNB	contact.center@qnb.co.id
Decathlon V	contact.indonesia@decathlon.com
Golden Rama	contact.us@goldenrama.com
Tokopedia	contact@tokopedia.com
PT Tripondasi Manunggal v	contact@tripondasi.com
Dua Kelinci	contactus@duakelinci.co.id
PT Sinar Sosro	contactus@sosro.com
Sosro	contactus@sosro.com
RCTI	corcom.rcti@mncgroup.com
Bukalapak	corcom@bukalapak.com
PT. ASTRA	corcomm@ai.astra.co.id
Kalbe	Corp.comm@kalbe.co.id
Kalbe Farma Tbk	corp.comm@kalbe.co.id
PT Kalbe Farma Tbk	corp.comm@kalbe.co.id
PT.KALBE FARMA	Corp.comm@kalbe.co.id
Bank Jago	corporate.communications@jago.com
Tango	corporate.event2015@gmail.com
Bank OCBC NISP	corporate.secretariat@ocbc.id
Bank Syairah Indonesia	corporate.secretary@bankbsi.co.id
Bank Mandiri V	corporate.secretary@bankmandiri.co.id
Garuda food	corporate.secretary@garudafood.co.id
MAP	corporate.secretary@map.co.id
PT Mitra Adiperkasa Tbk (MAP)	corporate.secretary@map.co.id
Indofood	corporate@indofood.co.id
Telkom	corporate_comm@telkom.co.id
Telkom Indonesia V	corporate_comm@telkom.co.id
aibu	corsec@bankmega.com
Bank Mega	corsec@bankmega.com
Kimia Farma V	corsec@kimiafarma.co.id
Lippo Group	corsec@lippokarawaci.co.id
Reliance Sekuritas Indonesia	corsec@reliancesekuritas.com
Shell	crtfuels-id@shell.com
Cakekinian	cs.cakekinian@gmail.com
Chitato	cs.ifl@icbp.indofood.co.id
Chitato V	cs.ifl@icbp.indofood.co.id
Erha	cs.sg@erhastore.com
PT Alpen Food Industry (Aice)	cs@aice.co.id
Bakmi GM	cs@bakmigm.co.id
Bath n Body Works	cs@bathandbodyworks.co.id
Cakap	cs@cakap.com
Go apotik	cs@goapotik.com
Indosat	cs@indosatooredoo.com
Kusukachips	cs@kusuka.co.id / 8111901048
Lister	cs@lister.co.id/info@lister.co.id
Mamikos	cs@mamikos.com
Nature Republic	cs@naturerepublic.id
Pegi-pegi	cs@pegipegi.com
Polytron	cs@polytron.co.id
SeaBank	cs@seabank.co.id
Skintific	cs@skintific.com
Sociolla	cs@sociolla.com
Softex indonesia	cs@softexindonesia.com
Telkomsel	cs@telkomsel.com
Ternak Uang	cs@ternakuang.id
Ticket . com	cs@ticket.com
Traveloka	cs@traveloka.com
Verde Sports Hub	cs@verdesportshub.com
Innisfree	cs_id@innisfree.com
Trimegah Asset Management V	cs_tram@trimegah.com
Lazada Indonesia	CSID@care.lazada.com
BCA Indonesia	csr@bca.co.id
Bunda konicare	Customer _service@konimex.com
Blibli	customer.care@blibli.com
McDonalds	customer.care@id.mcd.com
PT. Santos Jaya Abadi	customer.ecommerce@fastratabuana.co.id
Prudential	customer.idn@prudential.co.id
Enesis Group	customer.service@enesis.com
Nu Green Tea	customer@abcpresident.com
Garuda Indonesia	customer@garuda-indonesia.com
Zalora	customer@id.zalora.com
Hydro Coco	customer@kalbenutritionals.com
Nutrisari	Customer@nutrifood.co.id
Pristine	customer@pristineofficial.com
Cleo	customer@tanobelfood.com
PT United Family Food	customer@unitedfamilyfood.com
Kiyora	customer_care@ultrajaya.co.id
PT Ultrajaya Milk Industri Tbk	customer_care@Ultrajaya.co.id
PT Ultrajaya Milk Industry	customer_care@ultrajaya.co.id
The Kotak (PT. Ultra Jaya Milk Industri Tbk.)	customer_care@ultrajaya.co.id
Ultra jaya milk industri	Customer_care@ultrajaya.co.id
Ultra Milk V	customer_care@ultrajaya.co.id
April (Paper One) v	customer_service@aprilasia.com
Konimex	Customer_Service@konimex.com
Adira Finance	customercare@adira.co.id
Soyjoy	customercare@aio.co.id
Soyjoy v	customercare@aio.co.id
PT Blue Bird Tbk	customercare@bluebirdgroup.com
Good day	customercare@citarasa-indonesia.com
Klik Indomaret	customercare@klikindomaret.com
Nutrijell	customercare@nutrijell.com
PT Telkomsel	customercare@telkom.co.id
Bank Victoria	customercare@victoriabank.co.id
Yoshinoya	customercare@yoshinoya.co.id
Dunkin Donuts	customerservice@dunkinbrands.com
Gojek	customerservice@go-jek.com
Sephora	CustomerService@sephora.com
Xl Axiata	customerservice@xl.co.id
Uniqlo	customersupport@uniqlo.co.id
Goban Cosmetics	cynthia.angel@gobancosmetics.com
Kopi Konichiwa	cynthia@konichiwa.agency
Konnichiwa Group	Cynthia@konnichiwa.agency
akulaku	cynthiawinatacw@gmail.com
Dancow	Dancow.parentingcenter@id.nestle.com
Orang Tua Group	daniel.haryanto@ot.id
Snapy	dannielstppik@gmail.com
Japfa Comfeed Indonesia	darwis.rahmansyah@japfa.com
Singa Mas	david.hartono@cp.co.id
Line Bank by Hana Bank V	db.partnership@kebhana.co.id
Rosy Posy	Dear.rosyposy@gmail.com
Dear Me Beauty	dearmebeautyofficial@gmail.com
Female Daily Network	debbieserafina93@gmail.com
PT Sinar Sosro	denta.anggakusuma@sosro.com
Sosro	denta.anggakusuma@sosro.com
Deca Group	devie.diana@everwhite.co.id
Fore Coffee	devita@fore.coffee
Danone Indonesia	dewi.suryani@danone.com
Indomilk	dewi.susanti@indomilk.com
Burger King V	dewi.utami@burgerking.co.id
NH Korindo Sekuritas Indonesia	dhana.putrakusuma@nhsec.co.id
BNI	dhanu.waluyo@bni.co.id
Avoskin	dhearara@avo.co.id
Astra International	diah.wahyuutami@ai.astra.co.id
Wardah Make Up Artist	dianaditama92@gmail.com
Fiesta nugget	Dianawati.taslim@cp.co.id
PT Nutrifood Indonesia	dianmariani@nutrifood.co.id
JF The Skin Specialist	digital.marketing@galenium.com
Herbilogy	Dikna.Febrianti@herbilogy.com
PT Unilever Indonesia	diko.handono@unilever.com
Gramedia	dion.wisnu@gramediapublishers.com
PT.Mustika Ratu,Tbk	distibutor.service@mustika-ratu.co.id
The Body Shop	dita-agustia@thebodyshop.co.id
Indosat Ooredoo (PT. Indosat Mega Media)	Division Head Public Relations
PT Indofood Sukses Makmur Tbk	donny.arzie@indofood.co.id
Lazada	dpo.th@care.lazada.com
Dua Kelinci	duakelinci.socmed@gmail.com
Dua kelinci	Duakelinci.sosmed@gmail.com
PT Bank Digital BCA	duardi.prihandiko@bcadigital.co.id
PT Duraconindo Pratama v	duracon90@gmail.com
PT. Frisian Flag Indonesia	Dwi.Sriningsih@frieslandcampina.com
Dwidaya Tour	dwisc@dwidayatravel.com
Tokopedia	dyah.ayu@tokopedia.com
Manulife Indonesia	dylan_muliawan@manulife.com
SKK Migas	ebiantoro@skkmigas.go.id
Telkomsel	ebpatricia@gmail.com
Bank Nobu	echannels.support@nobubank.com
Kino	Ecommerce@kino.co.id
Garuda Indonesia	edi.wardojo@garuda-indonesia.com
Frisian Flag	editor@frieslandcampina.com
Tokopedia	efraim.soejoto@tokopedia.com
PT Korea Tomorrow & Global Indonesia	eka_noviaharilinawan@ktng.com
Gramedia	elisabeth@gramedia.com
Wardah	elsa.maharani@pti-cosmetics.com
Wardah Make Up Artist	elsa.maharani@pti-cosmetics.com
L'Oreal Indonesia	ElsaAlicia.GERUNG@loreal.com
PT Nipsea Paint and Chemical (Nippon Paint)	enquiry@nipponpaint-indonesia.com
PT Ori Polytec Composite	enquiry@ori.co.id
Metrodata Online	erdyanti@metrodata.co.id
Wings Group	ervita.setiawati@sayapmasutama.com
PT Unilever Indonesia	erwin-cahaya.adi@unilever.com
PT. Electronic City Indonesia, Tbk.	ester.iskak@electronic-city.co.id
PT MNC Kabel Mediacom (MNC Play)	estira.abi@mncgroup.com
PT Puyo Indonesia Kreasi	eugenie.patricia@puyo.com
PT Puyo Indonesia Kreasi (Puyo Dessert)	eugenie.patricia@puyo.com
PT Unilever Indonesia	evan.rickyanto@unilever.com
ASTRO	evan@astronauts.id
Goers	event@goersapp.com
Ternak Uang	event@ternakuang.id atau partnership@ternakuang.id
Zenius	fabsya.farazzahra@zenius.net
PT Amerta Indah Otsuka	fadhlie@aio.co.id
Cakap	fanni@cakap.com
PT Realfood Winta Asia	fannyo@realfood.co.id
Shopee	farah.alika@shopeemobile.com
Etude	Farazenia.luzvira@gmail.com
L'Oreal	fayanisa.dwityarani@loreal.com
L'Oreal Indonesia	fdwityarani@id.loreal.com
D Crepes	feedback@dcrepes.com
Oishi Indonesia	feedback@oishi.co.id
Fukumi	felicia.fukumi@gmail.com
Blibli.com	felisitas.y.ndiki@gdn-commerce.com
Electronic City	fellix_gk@live.com
Ninja Xpress	ferisa.putri@ninjavan.co.
Wings Group Indonesia	ferryk.wijaya@wingscorp.com
Fujifilm	ffid.support@fujifilm.com
Tombow Indonesia	florencia_setiawan@datascrip.co.id
Tutup Panci Bistro	florencia_setiawan@datascrip.co.id
Aice	form : https://aice.co.id/contact-us
PT Amerta Indah Otsuka	form: https://www.aio.co.id/contact
Sinarmas Land	fransisca.mayangsari@sinarmasland.com
Fresh Care	freshcareidn@gmail.com
Fruit tea	fruitteaid@gmail.com
Fruit tea	fruitteaid@gmail.com
Aqua	gabriel.keefe@danone.com
Marina Natural V	gati@tempogroup.com / dian@tempogroup.com / vidya@tempogroup.com
Oakwood Cozmo	general.premier-cozmo-jakarta@oakwood.com
Indofarma Tbk,	general@indofarma.co.id
WingsFood	ghassaniadani.indrayhna@wings.com
Lemonilo	ghea.stefani@lemonilo.com
Lemonilo	gilang.muhamad@lemonilo.com
Ajaib	gladys.pratiwi@ajaib.co.id
PT. Mitra Adi Perkasa	gloria.ek@gmail.com
JS Luwansa Hotel Jakarta	gm@jsluwansa.com) dobd@jsluwansa.com) hm@jsluwansa.com)
Gopotato Indonesia	gopotatosiantartop@gmail.com
J&T	gracedeliacunnoris@gmail.com
Bank National NOBU	graceyana.sidabutar@nobu.se
PT. Mayora Indah Tbk	graciaalexandra@mayora.com
Anteraja	gratia.emellie@anteraja.id
Greenfield	greenfields.consumerfeedback@japfa.com
PT. Pinnacle Persada Investama	guntur.putra@pinnacleinvestment.co.id
Pullman	H8491@accor.com
Jamkrindo	hafizah@jamkrindo.com
Matahari	halo@matahari.com
Wahyoo	halo@wahyoo.com
BCA	halobca@bca.co.id
PT Unilever Indonesia	halohanie@gmail.com
Swissotel PIK	HB590@accor.com.
PT. Tiga Pilar Sejahtera Food Tbk.	helen.g@tigapilar.com
Shirokuma	hello@cafeshirokuma.com
Flash Coffee	hello@flash-coffee.com
Fore	hello@fore.coffee / 08121118456
Hiro Group	hello@hirogoup.co.id
JCO Indonesia	hello@jcodonuts.com
Kopi Kenangan	hello@kopikenangan.com
Kopi Kenangan	hello@kopikenangan.com,ayu@kopikenangan.com
Maxx Coffee	hello@maxx-coffee.id
puyo	hello@puyodesserts.com
Puyo v	hello@puyodesserts.com
Realfood	hello@realfood.co.id
Shushu	HELLO@TEANCO.COM
Azarine Cosmetics	helloazarine@gmail.com
Bank Danamon	hellodanamon@danamon.co.id
hello panda	hellopandaindonesia.meiji@gmail.com
Cotton ink	help@cottonink.co.id
Halo doc	help@halodoc.com.
Saturdays	help@saturdays.com
Secondate	help@secondatebeauty.com
Shopee Indonesia	help@support.shopee.co.id
PT Kustodian Sentral Efek Indonesia	helpdesk@ksei.co.id
The Goods Dept	hendrick@thegoodsdept.com
HSBC	henrikohusada@hsbc.co.id
Lemonilo	hi@lemonilo.com
Good Day	hidupbanyakrasa@gmail.com
PT Universal Tekno Reksajaya (UT Group)	hiroko.jodi@utr.co.id
Obscura TV/Inc	HOO@Obscura.tv
Kraft Heinz Compant	HR.HeinzABC@id.hjheinz.com
PT.OASE Teknologi Asia	hrd.ptoase@gmail.com
PT Yishan Teknologi Indonesia	hrd.yishanindonesia@gmail.com
AJB Bumiputera	hrd@bumida.co.id
PT Kao Indonesia	hrinfo@kao.co.id
PT.Wook Global Technology	hrrecruitment@wook.id
Nutrisari	http://nutrifood.co.id/partnership/
Eiger	https://eigeradventure.com/proposal
IPOT / indo premier	https://indopremier.com/#ipot/contact-us/
Kompas	https://muda.kompas.id/sponsorship/
Kompas V	https://muda.kompas.id/sponsorship/
SerbaFood	https://serbafood.com/kontak_kami
Kino	https://www.kino.co.id/contact-us
Nutrifood	https://www.nutrifood.co.id/partnership/
Maybelline	Httsps://www.maybelline.co.id/contact-US
PT Procter & Gamble Home Products Indonesia	human.capital@pg-am.com
Bank Raya	humas@bankraya.co.id
hydrococo	hydrococohydro@gmail.com
Hydrococo bits (Kalbe)	hydrococohydro@gmail.com / promosi@myhydrococo.com
PT Sepatu Bata	Id.customerservice@bata.com
Nestle	id.sponsorship@idnestle.com
Post-It	idpostit@gmail.com
IDP	ielts.indonesia@idp.com
IELTS	ieltsindonesia@ialf.edu
PT Unilever Indonesia Tbk	Ignatius.Harman@unilever.com
RGE	ignatius_purnomo@rgei.com
Lazada Indonesia	ikhsan.anchan@lazada.co.id
Sayurbox	ilham@sayurbox.com
Sensodyne	in.customer-relations@gsk.com
The Body Shop	indah-syarifah@thebodyshop.co.id
PT LC Indonesia	indolongchuan@yahoo.com.tw
Indomie	indomie@icbp.indofood.co.id
Crimson Education	indonesia@crimsoneducation.org
Walls	indonesiawalls@gmail.com
Wall's	indonesiawalls@gmail.com
Diamond	indri@diamond.co.id
PT Unilever Indonesia Tbk	Indriarni.Pramaning@unilever.com
L'Oreal Indonesia	IndriLastina.SUDARMADJI@loreal.com
Maspion	info.hq@maspion.com
h&m	info.id@hindo.co.id
Hotel Mulia	info.jakarta@hotelmulia.com
Makarizo	info@akashainternational.com
Bibit	info@bibit.id
ChineseRd	info@chineserd.com
Coca-Cola	info@coca-cola.co.id
Dear Butter	info@dbgroup.com
Dear Butter	info@dearbuttergroup.com
Et cetera	info@delamibrands.com,csonline@etcetera.co.id
Adem sari	info@enesis.com
PT.Minitech Finance Indonesia	info@fintech.id
Frestea	info@frestea.co.id
PT Global Ekspres Delivery	info@globexdelivery.com
Go Wet	info@gowet-grandwisata.com
PT Jakarana Tama	Info@jakaranatama.co.id
PT. Kapal Api Global	info@kapalapi.co.id
KLUEGE INTERNATIONAL	info@kluege.com
Kulo Group	info@kulogroup.com
Mamasuka	info@mamasuka.com
Regal	info@marieregal.com
Lippo Mall Puri	info@mcimanagement.com
Mercure Hotel V	info@mercureserpongalamsutera.com
My tea	info@myteaid.com
PT Kaldu Sari Nabati Indonesia	Info@nabatisnack.co.id
Nissin	info@nissinbiscuit.com
Ruang Guru	info@ruangguru.com
Ruangguru	info@ruangguru.com
PT Samyang Indonesia	info@samyangindo.com
PT. Sido Muncul	info@sidomuncul.co.id
Silver Queen	info@silverqueensantai.com
Sinarmas Land Plaza	info@sinarmasland.com
Sirclo	info@sirclo.com
Subway Indonesia	info@subway.co.id
Sucor Sekuritas	info@sucorinvestam.com
Sun Education	info@suneducationgroup.com
Truemoney (e-money)	info@truemoney.co.id
Tunas Group	info@tunasgroup.com
Freshcare	info@ultrasakti.com
Urban Life	info@urbanlifestore.com
Vidio.com	info@vidio.com
Wellborn Company	info@welborncompany.com
Wikimedia Indonesia	info@wikimedia.or.id
Wong coco	info@wongcoco.com
PT.XCMG GROUP INDONESIA	info@xcmgexport.com
Wardah	inspiringbeauty@wardahbeauty.com
PT GO-JEK Indonesia	intan.f@go-jek.com
Orang Tua Group	inu.puguh@ot.id
Indo Premier Sekuritas	investindonesia@ipc.co.id
HokBen	irma.wulansari@hokben.co.id
Microsoft	irwan.1.hermawan@microsoft.com
PT AEON INDONESIA	Istiqomah.putri@aeonindonesia.co.id
Stockbit	it@stockbit.com
Elle & Vire Professionnel	ivan.dobrowolski@elvir.fr
PT. ASTRA	ivestor@ai.astra.co.id
PT Indo Nutrisi Jaya	ivo.selvianiar20@gmail.com
Heavenly Blush	ivonne.aryanti@heavenlyblush.com
Samsung	j.tjondro@samsung.com
Jacob Biskuit	Jacobiscuits.idn@gmail.com
Raffles Jakarta	jakarta@raffles.com
Maybank Indonesia	jazzy.refadebby@maybank-ke.co.id
Luwak	jeff_susanto@yahoo.com
Luwak White coffee	jeff_susanto@yahoo.com
Argenta Adhiloka Pratama	jeffry@argenta.co.id
Jenius	jenius-help@btpn.com
Mantappu Corp	jeromepolin@mantappu.com
Baidu	jesse_broz@hotmail.com
Samsung	jessica.v@samsung.com
Flimty	jihanabigail@flimty.com
Top Coffee V	jjcommunicationcorp@gmail.com
PT Unilever Indonesia	johan.lie@unilever.com
PT SMART Tbk	johlizaan.ferdinandez@goldenagri.com.sg
PT Danone Aqua	Jokoherlambang2009@gmail.com
PT. Mayora Indah Tbk	jonathan.setiadi@mayora.com
PT. Mayora Indah Tbk	jonathan_setiadi@mayora.com
BCA	jurvian_sumadi@bca.co.id
Kanzler	kanzlersosis@gmail.com
Decathlon	kareempello@gmail.com
LG Electronics	karel.leonardo@lge.com
ZTE	katarinawidjaja@yahoo.com
Nestle	katri.wulandari@id.nestle.com
Nestle	katri.wulandari@id.nestle.com / nestle.indonesia@id.nestle.com
Kiyora	keyaccount.01@kiyora.co.id
Hotel Raffles Jakarta	kezia.abigael@raffles.com
DANAMON Bank	keziaivana98@gmail.com
Flip.id	khansa@flip.id
KINA	kharisma.kopikina@gmail.com
Kopi Janji Jiwa	kimy_hd@yahoo.com
Indomaret	kontak@indomaret.co.id
Lexus Indonesia	krisanty.tanwira@toyota.astra.co.id
PT Valbury Asia Futures	kuncoro.karuniawati@valbury.com
Delfi	kusumawati@nirwanalestari.com
Shopee	kvin.surya@gmail.com
Mantappu Corp	l.will@mantappu.com
Yakult	lactobacillusshirota@gmail.com
Jiwa Group	ladyyowanda@jiwagroup.com
General Electric	larrasanti.tirtosudarmo@ge.com
PT Bank Central Asia Tbk	laura_sutrisna@bca.co.id
Aneka Foto	laurenshansel@gmail.com
fiesta food	layanan.konsumen@cpfood.co.id
Indomilk	layanan.konsumen@indomilk.com
PT Indolakto (Indomilk)	layanan.konsumen@indomilk.com
Cadburry	layanan.konsumen@mdlz.com
Kraft	Layanan.Konsumen@mdlz.com
PT Frisian Flag Indonesia	layanan.peduli@frieslandcampina.com / Dwi.Sriningsih@frieslandcampina.com
Real good	layanansogoodfood@japfa.com
PT Unilever Indonesia	leidya.leksokumoro@unilever.com
Bank Jago	lenachow@jago.com
Lidi Geli	lidigeli@gmail.com
CIMB NIAGA	lie.suang@cimbniaga.co.id
Allure AI	lila@allure.id
Allure Al	lila@allure.id
Nippon Paint	lindakam@nipponpaint-indonesia.com
Tissue Sneakers (PT. APACK) v	linkedin.com/in/rafael-ruslandi-549723b3
OCBC	lisa.christiana@ocbcnisp.com
PT.sinamyang indonesia	lisayang@sinamyang.com
Byu	liu@byu.id
Liunic on Things	liuniconthings@gmail.com
Oishi	lmcmarketing@oishi.com.ph
PT Nawakara Perkasa Nusantara	louise.sylviana@nawakara.com
Investree	lovis@investree.id
Johnson & Johnson	LPermata@its.jnj.com
Makeover	lucia.ch@pti-cosmetics.com
Citilink	luthfi.hergitasari@citilink.co.id
ATM Capital	lydia@atmcapital.com
Aerofood	m.anwarizqa@aerofood.co.id
Khong Guan	m.reza@khongguan-group.com
Yupi Indonesia	mailme@yupindo.com
Bank BTPN	mailto:info@btpn.com
Mandiri	mandiricare@bankmandiri.co.id
Mandiri Indonesia	mandiricare@bankmandiri.co.id
PT Amidis Tirta Mulia	mani.amidis@gmail.com
SiCepat	maqna@sicepat.com
Total 8+	marcellinus.raditya@banyangroup.co.id
Gaudi	Marcomm@Gaudi-Clothing.Com
Halokas	mardhi.kahan@finaccel.co - najwa.assilmi@finaccel.co
PT Puyo Indonesia Kreasi (Puyo Dessert)	margarita@puyodesserts.com
Bantex v	maria_pangestu@bantex.co.id
Hangry	marissa.halim@ishangry.com
Amidis	marketing.amidis@gmail.com
PT Perintis Triniti Properti Tbk	marketing.collinsboulevard@gmail.com
OCBC NISP	marketing.communication@ocbcnisp.com
Dapur Solo	marketing.dapursolo1988@gmail.com
PT. Hasil Damai Textile	marketing.export1@hadtex.com
Tissue Tessa	marketing.info@tessatissue.com
MNC	marketing.mncc@mncgroup.com
Bareksa	marketing@bareksa.com
Bibit	marketing@bibit.id
Bukalapak	marketing@bukalapak.com
Dunkin Donuts	marketing@dunkindonuts.co.id
Chattime	marketing@fbindonesia
Chatime	marketing@fbindonesia.com
Nutrijell V	marketing@forisa.co.id
Gramedia	marketing@gramediaonline.com
Inaco	marketing@inacofood.com
PT Niramas Utama	marketing@inacofood.com
Sahabat inaco	marketing@inacofood.com
Mamasuka	marketing@jicoagung.co.id
ABC Kogen Dairy V	marketing@kindairy.com
Look Boutique Store	marketing@lookboutiquestore.com
LOTTE-Xylitol	marketing@lotte.co.id
Menantea	marketing@menantea.co.id
PT Sappe Indonesia (Mogu Mogu)	marketing@sappeindonesia.co.id
Sayurbox	marketing@sayurboxl.com
Seabank	marketing@seabank.co.id
Tolak angin	marketing@sidomuncul.com
PT SINAR METRINDO PERKASA	marketing@sinarmetrindo.com
Solaria V	marketing@solariaresto.com
Lippo General Insurance	marketing01.gatsu@lippoinsurance.com
Boga group	marketingboga@boga.co.id
PT Pertamina (Persero)	marliansyah@pertamina.com
PT MNC Kapital Indonesia Tbk	marsha.tuakia@mncgroup.com
Pristine	martha.nahiman@sinarmas-agri.com
PT Sinarmas Cakrawala Persada (SCP)	martha.nahiman@sinarmas-agri.com
Ajaib	martha@ajaib.co.id
Mintz v	marthaputri2502@gmail.com
Batavia Prosperindo Sekuritas	martono@bps.co.id
Oishi Indonesia	maya@oishi.co.id
Toyota	Mayang.k@gmail.com
Mayora	mayora.analytics@gmail.com
Din Tai Fung	mega@dintaifung.co.id
Kopi Kenangan	megan.tjiawi@kopikenangan.com
Link Net	melani.malik@biz.i-solution.co.id
PT Unilever Indonesia	melinda.savitri@unilever.com
Unilever	melinda.savitri@unilever.com,
PT.Smartfren Telecom Tbk.	melly.karmelia@smartfren.com
Smartfren	melly.karmelia@smartfren.com
Rakuten	memberservices@rakuten.com
Allium Hotel v	mevy.marcelia@aliumairport. com
Sociolla	meydina.riami@sociolla.com
DBS	michelee@dbs.com
The Body Shop Indonesia	michelle-salim@thebodyshop.co.id
PT. Sharp Electronics Indonesia	mike_n@seid.sharp-world.com
Sayurbox	minati@sayurbox.com
Miniso Home	minisoindonesia@miniso.com
Vitacimin V	mintje@vitacimin.com
Toyota	mirandi.swari@toyota.astra.co.id
Mizone	mizone100persen@gmail.com
Bakmi GM V	mktg@bakmigm.com
Flash Coffee	mohammad.adam@flash-coffee.com
Mandarin Orientar Hotel	mojkt-enquiries@mohg.com
DBS Bank	monamonika@dbs.com
Mr DIY Indonesia	monika.puspitasari@mrdiy.com
PT Epson Indonesia	montessa@ein.epson.co.id
Roppan	moshimoshi@roppan.com
Move On Mutlimedia	moveon.multimedia@gmail.com
Jasa Raharja	muhammad.ferhat@jasaraharja.co.id
Akhmad Zaenuddin & Partners	muhammad.hasan@azlaw.ro
LinkAja	mutia_ardi@linkaja.id
JD.ID	naddysudono@yahoo.com
Midtrans	nadia.djauhari@midtrans.com
Xendit	nafinia@xendit.co
Traveloka	nafisah.wulandari@traveloka.com
PepsiCo	najla.prihana@pepsi.com.mx
Rukita	natasha.sinaga@rukita.co
PT Aliansi Sakti	nathania@aliansi-sakti.com
Ades	ncc@sea.ccamatil.com
Coca-Cola	ncc@sea.ccamatil.com
Coca-cola & Fanta	ncc@sea.ccamatil.com
Minutemaid	ncc@sea.ccamatil.com
Nestle	nestle.bearbrandindonesia@gmail.com
Nestle	nestle.indonesia@id.nestle.com
Dunkin Donuts	newvendorrelations@dunkinbrands.com
Coca Cola	nfo@cocacola.co.id
Pt. Sinar Sosro Group	ni
PT. So Good Food	nicki.wijaya@japfa.com
Nivea	Nila.octoviani@beiersdorf.com
Garuda Indonesia	nila.talitha@garuda-indonesia.com
PT Agung Podomoro Land, Tbk	ninik.indarti@apg.com
Bank BRI	ninis.adriani@bri.co.id
KULO Group	ninna.maisa@kulogroup.com
Prudential	novilia.chiandra@gmail.com
PT. Bank HSBC Indonesia	nunisutyoko@hsbc.co.id
Garudafood Indonesia	Nurazizah.Nurazizah@garudafood.co.id
Garuda Food	Nurazizah.Nurazizah@garudafood.co.id
PT Nutrifood Indonesia	octaviani.lydia@nutrifood.co.id
Alega	olga@alega.id
Vivo	olivia.hedyta@vivoglobal.com
Chandra Karya V	online@chandrakarya.com
CIMB Niagar Bank	orporate.secretary@cimbniaga.co.id
Ovaltine Indonesia	ovaltineindonesia@gmail.com
Oxone	oxone.official@gmail.com
TENCENT	p_rizman@tencent.com
DNT Lawyers	pahrurdalimunthe@dntlawyers.com
Citibank	pajar.pratama.yonatan@citi.com
RGE	pamungkas_t@rgei.com
PT Nippon Indosari Corpindo Tbk	panelty.silitonga@sariroti.com
Hangry	parardya.catrasatwika@ishangry.com
PT Bluepay Digital International	partner.id@mart.blue
Zalora	partner.program@zalora.co.id
Zalora Indonesia V	partner.program@zalora.co.id
Love, Bonito	partner@lovebonito.com,customercare.id@lovebonito.com
Dewaweb	partnership@dewaweb.com
Pahamify	partnership@pahamify.com
Scarlett Whitening	partnership@scarlettwhitening.com
Traveloka	partnership@traveloka.com
GRAB	partnerships.id@grab.com
Kopi Kenangan	partnerships@kopikenangan.com
Pertamina	pcc135@pertamina.com
PT Campina Ice Cream Industry	pelangganku@campina.co.id
Pentel	pentelindonesia@yahoo.co.id
Pentel Indonesia	pentelindonesia@yahoo.co.id
Stockbit	people@stockbit.com , dian@stockbit.com
PT. Sinar Sosro	pers_btn@sosro.com
Pond's Indonesia	ponds.institute@unilever.com
Pop mie	popmie@icbp.indofood.co.id
popmie	popmie@icbp.indofood.co.id
Zalora	pr@id.zalora.com
Investree	pr@investree.id
Tokopedia	pr@tokopedia.com
Zalora	pr@zalora.co.id
PT Unilever Indonesia	praratika@yahoo.com
Rose All Day Cosmetics	priscilla@roseallday.co
Kapal Api Global	priscillagatha22@gmail.com
PT.Sukanda Jaya	priyanti.hapsari@diamond.co.id
Hydro Coco	promosi@myhydrococo.com
Tiket.com	promotion@tiket.com
Yakult	propaganda@yakult.co.id (a/n bu Rifqa atau Bpk Panji) / 021-296333 45, ext. 3202/3203 (bagian propaganda)
Gojek	publicrelations@go-jek.com
Indosat V	publicrelations@indosat.com/ (Bu Venty)
Mustika Ratu	publicrelations@mustika-ratu.co.id
Yeo’s	publicrelations@yeos.com
Teh Pucuk	pucukharum123@gmail.com
Citigroup Indonesia	puni.anjungsari@citi.com
PT Indonesia Tsingshan Stainless Steel	purcashingjkt@imip.co.id
PT. Amerta Indah Otsuka	pwinawati@aio.co.id
Ranch Market	r.sulistyo@ranchmarket.co.id
Mandiri Capital	rabbi@mandiri-capital.co.id
Fibrefirst	raditya.syahbana@dosniroha.id
Yummy corp	Raetedy@yummycorp.com
SICEPAT	rafi.abiawan@sicepat.com
SICEPAT EKSPRESS INDONESIA	rafi.abiawan@sicepat.com
Ciptadana Sekuritas	Raissazabrina@ciptadana.com
Astra International	ramsi.dharmatjahjadi@ai.astra.co.id
PT. Frisian Flag Indonesia	randi-indrawan@frisianflag.com
PT Bareksa Portal Investasi	ratnanitya@gmail.com
MAP	ratu.permatasari@map.co.id
Propan Raya	raymond.steven@propanraya.com
Ritz-Carlton Jakarta	rc.jktrz.reservations@ritzcarlton.com
AGUNG SEDAYU GROUP	recruitment.pom@agungsedayu.com
PT.Bima cakra perkasa mineralindo	recruitment@bcpm.co.id
Fastock	Recruitment@fastock.id
PT.Bank CCB	recruitment@idn.ccb.com
Lion Air	recruitment@lionair.co.id
PT Medco E&P Indonesia	Recruitment@Medcoenergi.com
Qualis	recruitment@qualis-indonesia.com
PT TOG Indonesia	recruitment@tog.co.id
Summarecon	recruitment_corporate@summarecon.com
Sony Music Entertainment V	redaksi@gramediapublishers.com
Sinarmas Sekuritas	Reney.mosal@sinarmassekuritas.co.id
Fairmont Jakarta	Reservations.Jakarta@Fairmont.com
Tempo Group	reza.pahlevi@thetempogroup.com
Haus Indonesia	rezaalfianto@haus.co.id
Wardah	rianty.kdewi@pti-cosmetics.com
Logitech Indonesia	ribka@suryamcandra.co.id
Astra Honda Motor	richard.halim@astra-honda.com
Heavenly Blush	ricky.kapoyos@heavenlyblush.com
PT Unilever Indonesia	riescha-puri.gayatri@unilever.com
PT Bank ICBC Indonesia	rifat.limboro@gmail.com
PT Gree Electric Appliances Indonesia	rio.bong@gree.id
Air Asia	rizkidarmawan@airasia.com
CIMB Niaga	rmtt_csfipg@cimbniaga.co.id
Smartfren	robert.saputra@smartfren.com
Ropang Whatever	ropangwhatever@gmail.com
Roti Jadul Kocabi v	rotikocabi@gmail.com
Rough Neck Indonesia	roughneckindonesia@gmail.com
Enesis	ryan.tirta@enesis.com
Gulaku	Ryandhika@ptgulaku.com
Milo	sahabat.nestle@id.com
Inaco	sahabatinacofood.com
PT Nusa Indometal Mandiri v	sales@nim.co.id
Putera Lombok v	sales@puteralombok.com
Silverqueen	sales@silverqueen.com
Triyaso	sales@triyaso.co.id
Tiket.com	salman.helmy@tiket.com
Tiket.com	salman.helmy@tiket.com / promotion@tiket.com
Gojek	sam.diah@gojek.com/astrella.depari@go-jek.com
Frision Flag	sandra.naomi@frieslandcampina.com
MSIG Indonesia	santi_chaerani@id.msig-asia.com
Kopi Kapal Api V	santos@kapalapi.co.id
CIMB Niaga	sarah.aditya@cimbniaga.co.id
Garuda Indonesia	sarah.claudia@garuda-indonesia.com
Roma sari gandum	Sarigandumid@gmail.com
Sari Gandum	sarigandumid@gmail.com
Sarimi	sarimi@icbp.indofood.co.id
SASC	sascofficial@gmail.com
MR DIY	saskia.dewi@mrdiy2u.com
Peperclip	sasru@paperclip.co.id
PT Medco E&P Indonesia	Sausan.Sausan@medcoenergi.com
PT Metrodata Electronics Tbk	sebastian.steven12@gmail.com
PT Indonesia Tsingshan Stainless Steel	secretariat@imip.co.id
Hotel De Java	secretarydejavahotel@gmail.com
Bogasari	selvia.dewartsi@bogasariflour.com
Senka Indonesia	senkaindonesia@gmail.com
Senora Digital Print	senora.print@gmail.com
SG	sgpusat@gmail.com
BLP Beauty	shania@blpbeauty.com
PT Medco E&P Indonesia	sharah.savitri@medcoenergi.com
Bogasari	sheila.aryyani@bogasariflour.com
Cimory Group	sheila.aryyani@cimory.com,prajna.paramytha@cimory.com
Shinyoku	shinyokuindonesia@yahoo.co.id
Shinyoku Indonesia	shinyokuindonesia@yahoo.co.id
Silky Girl Indonesia	silky.indonesia@gmail.com
PT SINAR METRINDO PERKASA	simetri@indo.net.id
MNC Bank	siti.andalucia@mncbank.co.id
Sony	siti.marhamah@sony.com
Sido Muncul	socialmedia@sidomuncul.co.id
Gramedia	socialmediagramedia@gramedia.com
Soyjoy	soyjoyjakbar@aio.co.id
Soyjoy	soylutioncenter@aio.co.id
Paragon	sponsorship.pti-cosmetics.com
OVO	sponsorship@ovo.id
Traveloka	sponsorship@traveloka.com
Traveloka	sponsorship@traveloka.com.
PT Nutrifood Indonesia	stefani.dini@nutrifood.co.id
Nutrifood	stefani.trasistha@nutrifood.co.id
Fore Coffee	stefannie@fore.coffee
PT Unilever Indonesia	stela-tika.lestari@unilever.com
Wings Group Indonesia	stella.eidelina@wingscorp.com
PT Unilever Indonesia	stephanie.regina@unilever.com
Go Kampus v	studentrelations@gokampus.com
Walls V	suara.konsumen@unilever. com
Gokana	suarapelanggan@champ-group.com
PT Kalbe	Sulastri.Wahyuni@kalbe.co.id
Sundae Shower	sundae.showeremedy@gmail.com
Super Furry	superfurry.id@gmail.com
Atome	support.atome.com
Grab	support.id@grab.com.
PT Takjub Teknologi Indonesia	support.reksadana@ajaib.co.id
PT Ajaib Sekuritas Indonesia	support.saham@ajaib.co.id
AIDO	support@aido.id
Ajaib	support@ajaib.co.id
LIfepal	support@lifepal.co.id
Moka	support@mokapos.com
Naturalfarm	support@naturalfarm.id
Stockbit	support@stockbit.com
PT. Sharp Electronics Indonesia	support-it@cs.sharp-indonesia.com
Indomaret	susantoevan@indomaret.co.id
Astra Honda Motor	sylvia.herawati@astra-honda.com
Indomaret	ta@indomaretgroup.com
Indomaret Group	ta@indomaretgroup.com
Pasarnow	tassya.manuella@pasarnow, yolan.pasarnow@gmail.com
Astra V	teguh.santoso@tso.astra.co.id
Astra International	th.mninawati@ai.astra.co.id
Sayurbox	thaariq@sayurbox.com
PT Indofood Sukses Makmur Tbk.	thalia.angeline@indofood.com
Pluang	thea.gizela@pluang.com
Ovo	theodosius.michael@ovo.id
Blibli	tivani.manurung@gdn-commerce.com
Tolak angin	tolakanginjkt@gmail.com
Tregioia Creamery v	tregioia.creamery@gmail.com
Bank Mandiri	tri.sartiningsih@bankmandiri.co.id
Bank Mandiri Syariah	tri.sartiningsih@bankmandiri.co.id
PT Medco E&P Indonesia	Triasta.Nugroho@medcoenergi.com
Tropicana Slim	tropicanaslimid@gmail.com
Tropicana Slim	tropicanaslimid@gmail.com
Truz Store	truzstore@gmail.com
98.7 Gen FM	tyas@987genfm.com
LG Electronics	unggul.baskoro@lge.com
Unilever	unvr.indonesia@unilever.com
Bank UOB	UOBCare@uob.co.id
PT Unilever Indonesia	valencia.gabriella@unilever.com
Vans Indonesia	vans.indo@navya.co.id
OCBC NISP	varian.mohammad@ocbcnisp.com
Vaseline	vaselineindonesia@yahoo.com
Procter & Gamble	verren.v@pg.com
Gojek	vicario.reinaldo@gmail.com
Mayora	vicky.akira@mayora.co.id
Djarum	victor.r.hartono@djarum.com / sindaka@djarum.com
Viva Cosmetics v	vita_marketing@yahoo.com
Suntory Garuda	wahyudi.saputro@suntorygaruda.com
Walao Eh v	walaoehindonesia@gmail.com
Kimia farma	webmaster@kimiafarma.co.id
Hokben	Website
Amartha	wenas@amartha.com
PT Megaindo Gemilang Lestari	wenny@megaindo.com
Westin Jakarta	westin.jakarta@westin.com
PT Unilever Indonesia Tbk	wike.warzukni-marzuki@unilever.com
PT Gree Electric Appliances Indonesia	winda.erlina@gree.id
Tugu Pratama	woeslibranty@tugu.com
Workroom Coffee	workroomcoffee@gmail.com
Astra Honda Motor	wulan.p.sari@astra-honda.com
ADVANCE.AI	xu.chris90@gmail.com
The Body Shop	yana-febriyana@thebodyshop.co.id
Sinarmas land	yessyliembawati@gmail.com
Yoforia	yoforiaid@gmail.com
Kompas	Yogi.nugraha@kompas.tv
Yomie's Yoghurt	yomiesindonesia@gmail.com
PT. BANK NEGARA INDONESIA	yonathan.sakramenta@bni.co.id
Kawan Lama Group	yonathann27@gmail.com
Klik Daily	Yosuagunawan@gmail.com
Youvit	youvitofficial@gmail.com
PT. Bank HSBC Indonesia	yudhisutrisna@hsbc.co.id
Cakap	yuditha@cakap.com
PT. Indofood CBP Sukses Makmur	zasqia.wardani@danone.com
Tiktok Indonesia	zhangencheng@bytedance.com